name,Food & Drink,Restrooms,Shade & Seating,Retail,Technology,Convenience,Total_Amenity_Gaps
Mosteiro dos Jeronimos,43,16,342,7,21,8,437
Indie Campers,108,52,189,28,39,18,434
Time Out Market Lisboa,189,11,104,65,4,20,393
Elevador de Santa Justa,9,0,45,8,2,137,201
Torre de Belém,23,1,148,2,4,2,180
LX Factory,57,4,29,60,1,1,152
Cityrama Gray Line Portugal,30,3,96,10,7,4,150
Yellow Bus Tours,28,1,89,8,16,6,148
Oceanário de Lisboa,24,3,77,16,1,6,127
Inside Lisbon Tours,51,1,48,10,2,3,115
World Experience - Lisboa,38,19,43,10,1,2,113
Rede Expressos,7,33,33,4,14,6,97
Castelo De São Jorge,14,2,68,6,4,1,95
City Sightseeing Lisbon,9,1,65,4,8,0,87
Take Lisboa,21,1,58,2,3,2,87
Lisboa Taxi,7,0,57,2,11,9,86
Tram 28,18,0,55,7,1,4,85
Flixbus,17,22,22,2,5,7,75
Lisbon Airport Transfers,17,4,28,5,4,5,63
Tugatrips Tours & Events Dmc,10,1,40,3,5,3,62
Lounge Ana,24,8,18,2,3,1,56
Lisbon Hop-on Hop-off Sightseeing Tours,13,0,32,1,6,1,53
Veltagus  Companhia De Navios Charter Lda,28,3,16,1,2,2,52
ScottURB,3,0,31,4,4,3,45
Cp - Comboios De Portugal,8,7,16,1,4,5,41
Quake - Museu do Terramoto de Lisboa,1,2,26,3,5,3,40
The Cooltours - Lisbon,10,2,21,1,1,0,35
"MAAT - Museu de Arte, Arquitetura e Tecnologia",8,0,24,0,2,1,35
Lanetours,11,1,18,3,0,1,34
Park,19,1,9,0,1,3,33
Eating Europe Food Tours Lisbon,25,0,3,2,0,0,30
Indie Campers Headquarters,8,4,13,2,1,2,30
Bairro Alto,12,1,10,4,0,3,30
National Tile Museum,9,2,11,3,4,0,29
Alfama,7,0,14,5,2,1,29
Jardim Botânico Da Universidade De Lisboa,3,4,20,1,0,1,29
Discover Lisbon,20,0,8,0,0,0,28
Nosso Tejo,9,0,17,0,1,0,27
Praca do Comercio (Terreiro do Paco),10,1,12,3,0,0,26
Estádio do Sport Lisboa e Benfica,5,0,15,4,1,1,26
Withlocals,16,0,6,2,1,0,25
Pavilhão Chinês,10,0,12,0,0,3,25
Lisbon Native Tours,6,1,14,2,0,1,24
Café Luso,16,0,5,0,0,3,24
Bertrand,4,2,6,11,0,1,24
Feira Da Ladra (campo De Santa Clara),1,1,6,16,0,0,24
Eco Tuk Tours Lisboa,5,0,17,0,2,0,24
Torre de Belém Garden,2,0,21,0,0,0,23
El Corte Ingles,8,0,5,10,0,0,23
Buendia Tours,3,1,18,0,0,0,22
Jardim Zoológico,5,1,15,0,0,1,22
Around Lisbon,8,1,11,2,0,0,22
Padrao dos Descobrimentos,3,0,12,2,0,4,21
Suntransfers.com,3,0,15,1,0,2,21
Lux,4,0,9,1,3,4,21
Bica Funicular,2,0,12,1,2,4,21
Praça Martim Moniz,5,1,8,4,0,2,20
Vasco da Gama Tower BABYLON 360º,8,0,7,0,0,4,19
Moovearound,6,0,11,2,0,0,19
Estação do Oriente,2,5,4,4,2,1,18
TAP Premium Lounge,8,3,6,0,0,1,18
Sardinha do Tejo,9,0,6,0,0,2,17
Centro Vasco da Gama,4,1,0,12,0,0,17
Sky Bar Oriente,11,1,5,0,0,0,17
Rive Rouge,10,0,4,0,2,0,16
Portugal Cities With Us,5,1,7,3,0,0,16
From The Vine - Portuguese Wine Tasting Bar,8,0,5,2,0,1,16
Clio Muse Tours,2,2,11,0,1,0,16
K Urban Beach,8,2,5,0,0,0,15
Lisbon Cathedral,0,0,14,0,0,1,15
HIPPOtrip,5,0,9,0,1,0,15
Where To - Premium Tours,4,0,7,2,1,0,14
FRS Portugal,7,1,5,0,1,0,14
Jardim Botanico Tropical,5,1,8,0,0,0,14
Silk Club,9,0,3,0,0,2,14
Praça Da Figueira,5,0,3,6,0,0,14
Rua Augusta,8,0,2,4,0,0,14
Lisboat,3,2,7,0,1,0,13
Lisbon Destination Tours,9,0,3,0,1,0,13
O'Gilíns Irish Pub,8,2,2,0,0,1,13
Pensão Amor,5,1,7,0,0,0,13
Calouste Gulbenkian Museum,3,1,7,1,0,1,13
Carris Transportes de Lisboa,3,0,7,0,1,2,13
Elevador Da Glória,2,0,5,0,0,5,12
Go2Lisbon - Tours,6,1,4,0,1,0,12
Centro Colombo,4,0,1,7,0,0,12
Garrafeira Nacional,3,0,4,5,0,0,12
Bikeiberia Bike Tours & Rentals,2,1,3,6,0,0,12
Secret Food Tours Lisbon,10,0,2,0,0,0,12
Wineguest,5,0,5,0,1,1,12
Game Over Escape Rooms LISBOA,2,1,6,0,0,3,12
Treasures of Lisboa Food Tours,5,0,3,3,0,0,11
Amoreiras Shopping Center,1,1,0,7,2,0,11
Mercado de Campo de Ourique,4,0,3,3,0,1,11
Palácio Nacional da Ajuda,0,1,8,0,0,2,11
Devour Tours,8,0,2,1,0,0,11
Embaixada,3,0,3,5,0,0,11
Avenida da Liberdade,2,0,3,6,0,0,11
Rent a Boat,4,0,7,0,0,0,11
Casino Lisboa,6,0,3,0,1,1,11
LX Market,3,0,3,4,1,0,11
swingo,1,0,9,0,0,0,10
Alfa Pendular Trains,5,1,2,1,0,1,10
A Primorosa d'Alvalade,4,0,5,0,1,0,10
Usaxe Club,7,0,2,0,1,0,10
THE SPA by Corinthia Lisbon,2,1,3,0,1,3,10
Bike Bar Tours - Beer Bike Lisbon,3,1,5,0,0,1,10
MAC/CCB – Museu de Arte Contemporânea e Centro de Arquitetura,3,0,3,2,0,2,10
Bar Liverpool,6,0,2,0,1,1,10
Royal Treasure Museum,2,0,8,0,0,0,10
Ponte 25 de Abril,0,0,4,0,1,5,10
O Mundo Fantástico da Sardinha Portuguesa,2,0,3,5,0,0,10
Cooking Lisbon,5,0,2,3,0,0,10
Hertz Ride,2,0,4,0,2,2,10
Homecooking Lisbon,5,0,4,1,0,0,10
Celina Tours,3,1,6,0,0,0,10
Parque Das Nações,3,0,3,4,0,0,10
Praça Dos Restauradores,2,0,5,3,0,0,10
MOME,5,2,1,0,0,2,10
Fun in Portugal,4,0,3,0,0,2,9
Pink Street,4,0,3,1,0,1,9
Panteao Nacional,1,1,7,0,0,0,9
TOPTOUR Portugal,1,0,4,0,1,3,9
Museu de Marinha,2,0,5,0,1,1,9
Lisbon Self-Guided Tours,2,0,5,2,0,0,9
Free Bike Tours Lisbon,4,0,5,0,0,0,9
Lust in Rio,5,0,3,1,0,0,9
Tours de Portugal,1,0,6,0,1,0,8
Living Tours Lisbon,4,0,4,0,0,0,8
Museu Nacional Dos Coches,1,1,5,1,0,0,8
Metropolitano de Lisboa,2,1,4,0,0,1,8
TakingUThere,3,1,1,2,0,1,8
BYX,3,0,4,0,0,1,8
Ticket Online,1,0,6,0,0,1,8
Red Frog - Speakeasy Bar,7,0,1,0,0,0,8
Health Club Solinca,0,2,4,1,1,0,8
Chafariz D'El Rei,5,0,3,0,0,0,8
Igreja De S Domingos,2,0,5,1,0,0,8
Lisbon by Boat,4,0,4,0,0,0,8
Estacoes Lisboa Santa Apolónia,1,0,2,2,0,3,8
Estação Do Rossio,3,1,3,0,1,0,8
Choose your Emotion,3,0,4,0,1,0,8
Convento do Carmo,0,0,7,0,1,0,8
Arco do Triunfo,0,0,5,2,0,0,7
Clube de Fado,4,0,1,1,1,0,7
Telecabine Lisboa,2,0,4,1,0,0,7
Taguscruises,4,0,3,0,0,0,7
Smart Sightseeing | Ready to meet Lisbon?,1,0,6,0,0,0,7
Torre Da Igreja Do Castelo de Sao Jorge,4,0,3,0,0,0,7
Terra Heal - Massage Spa Lisbon,3,1,1,0,1,1,7
Culinary Backstreets Lisbon,3,0,3,1,0,0,7
Praça Dom Pedro IV,3,0,3,1,0,0,7
Mercado de Santa Clara,2,1,1,3,0,0,7
Mercado Da Baixa,3,0,1,2,0,1,7
Parque Eduardo VII,1,1,3,2,0,0,7
Museu Arqueológico do Carmo,0,0,7,0,0,0,7
Museu Banksy - Lisbon,0,0,2,2,2,1,7
Lisboa Story Centre,2,0,5,0,0,0,7
Hard Rock Cafe - Europe,4,0,3,0,0,0,7
Lisbon Bike Rentals,1,0,3,2,1,0,7
Exoticca - Portugal Tours,1,1,2,1,1,1,7
Ondas de Ângelo,3,0,3,0,1,0,7
Talixo - Lisbon,0,0,3,0,1,2,6
Only happy-Shuttle & Tours,2,0,1,0,1,2,6
Museu do Fado,0,1,3,2,0,0,6
Bar 38° 41',4,1,1,0,0,0,6
Destination Services Portugal - Lisbon,1,0,4,1,0,0,6
Cine Society,2,1,2,1,0,0,6
Rossio Christmas Market,2,0,1,2,0,1,6
Portugallium - Food & Wine Tours in Lisbon,4,0,1,1,0,0,6
Museu do Dinheiro,2,1,2,0,0,1,6
Book N Tour,1,0,3,1,1,0,6
British Bar,3,2,1,0,0,0,6
Portugal Farm Experiences,2,0,4,0,0,0,6
Procópio Bar,3,0,1,0,2,0,6
Lisbon Tours & Transfers - Welcome Pickups,0,0,4,1,0,1,6
Lisbon Duck Store,0,0,2,4,0,0,6
Centro Interpretativo da História do Bacalhau,0,0,5,0,0,1,6
Wild Walkers,3,0,3,0,0,0,6
Altice Arena,2,0,4,0,0,0,6
Estádio José Alvalade,0,0,3,2,1,0,6
Lisboa Comedy Club,4,0,1,0,0,1,6
Casa Havaneza,1,0,1,3,1,0,6
Taste of Lisboa Food Tours,2,0,2,1,0,0,5
Float in Spa Lisbon,3,1,1,0,0,0,5
Miradouro de Santa Catarina,2,0,2,1,0,0,5
ImpacTrip,2,0,2,0,0,1,5
Lisboa Autentica,3,0,1,0,0,1,5
Lisbon Cruise Port,1,0,1,1,1,1,5
Buendía,1,0,2,0,1,1,5
Museu do Combatente,0,0,5,0,0,0,5
Beer Bike Lisbon,2,0,2,0,0,1,5
Praca do Principe Real,1,0,3,1,0,0,5
Black Cat Cinema,3,1,1,0,0,0,5
Feel The city Lisboa,3,0,2,0,0,0,5
Shelter Bar Lisboa,4,0,1,0,0,0,5
Kremlin,3,2,0,0,0,0,5
LanebusExpress,0,0,5,0,0,0,5
Jardim do Torel,2,0,2,0,0,1,5
Yellow Boat Tour,1,0,4,0,0,0,5
Chafariz do Largo do Rato,4,0,1,0,0,0,5
Basílica da Estrela,2,1,1,1,0,0,5
Fado in Chiado,3,0,1,1,0,0,5
Museu Nacional De Arte Antiga,1,0,3,1,0,0,5
SANDEMANs NEW Europe - Lisbon,0,0,4,0,0,1,5
Palace Fronteira,1,0,4,0,0,0,5
Titanic Sur Mer,4,0,1,0,0,0,5
Taylor's Port,3,0,1,0,0,1,5
Tram,0,0,3,2,0,0,5
SPR Tours,3,0,2,0,0,0,5
Armazéns do Chiado,2,1,0,1,1,0,5
Atrium Saldanha,2,0,1,2,0,0,5
Musicbox,3,1,0,0,1,0,5
Oh! My Cod Tours,4,0,1,0,0,0,5
Pacifico Cruises Lisbon,3,0,2,0,0,0,5
Tour Sweet Tours,1,0,3,0,0,0,4
Centro Comercial Colombo,1,1,1,1,0,0,4
We Hate Tourism Tours,1,0,3,0,0,0,4
Jardins da Agua,3,0,1,0,0,0,4
Jardim do Principe Real,1,0,2,1,0,0,4
Lisbon Chill-Out Free Tour,1,0,3,0,0,0,4
Largo do Intendente Pina Manique,2,0,2,0,0,0,4
I Took a Tuk Tuk,1,0,2,0,1,0,4
Lisbon Photographer,0,0,4,0,0,0,4
Loja das Conservas,2,0,1,1,0,0,4
Look4Portugal,0,0,3,0,1,0,4
Lisbon Riders,1,0,3,0,0,0,4
LisbonYacht,0,0,4,0,0,0,4
Miradouro Das Portas Do Sol,1,0,3,0,0,0,4
Miradouro Amoreiras 360º Panoramic View,1,0,1,0,1,1,4
Barrio Latino,1,0,1,1,0,1,4
Collette Tours - Portugal,2,0,2,0,0,0,4
Transtejo & Soflusa,2,1,0,0,1,0,4
Walkborder Tours,1,0,2,0,1,0,4
Clube de Golfe Paço do Lumiar,2,0,1,0,0,1,4
A Ginjinha,2,0,1,1,0,0,4
Tuk Tuk Lisboa,1,0,2,0,1,0,4
Elevador do Lavra,1,0,1,0,0,2,4
Cinemateca Portuguesa,2,0,2,0,0,0,4
Exhibition Real Bodies,0,0,3,0,0,1,4
Escultura de Fernando Pessoa,2,0,2,0,0,0,4
Premiere Tours,1,0,2,0,1,0,4
City Tuk,0,0,4,0,0,0,4
I Go Portugal,2,0,2,0,0,0,4
Outro Lado,3,0,0,0,0,1,4
"Estátua ""Gago Coutinho e Sacadura Cabral""",0,0,4,0,0,0,4
O 28,0,0,3,0,1,0,4
Belem Lighthouse,2,0,2,0,0,0,4
Local TukTuk,0,0,2,0,1,1,4
Marques Do Pombal,1,0,3,0,0,0,4
Local In Lisbon,1,0,1,1,1,0,4
Headout Toura,0,0,3,1,0,0,4
Carpe Diem Tours,2,0,1,1,0,0,4
House Museum Amália Rodrigues,0,0,3,0,0,1,4
Marlin Tours,1,1,2,0,0,0,4
Minigolf Lisbon,0,0,3,0,1,0,4
The Lisbon Boat Party,3,0,0,0,0,0,3
The Feeting Room,0,0,1,2,0,0,3
Tour Italiano Lisbona,0,0,3,0,0,0,3
Tours Hidden Gems by Enjoy&Live,2,0,1,0,0,0,3
Arroz Doce Bar,2,0,1,0,0,0,3
A Morte do Corvo,1,0,2,0,0,0,3
Cork & Co,0,0,1,2,0,0,3
Cosmic Tickets & Audios,0,0,3,0,0,0,3
Snob Bar,2,0,0,0,1,0,3
Clube VII,0,1,1,0,1,0,3
The Botanical Massage,0,0,1,0,2,0,3
TURISTAR,1,1,1,0,0,0,3
Terminal Fluvial - Cais do Sodré,1,0,1,0,1,0,3
Duque Brewpub,2,0,1,0,0,0,3
SIXT ride,0,0,2,0,1,0,3
Estufa Fria,0,0,3,0,0,0,3
Escadinhas da Saude,1,0,1,1,0,0,3
Biblioteca Camoes,0,1,1,0,0,1,3
Rio Para Não Chorar,1,0,0,1,1,0,3
Rent a Fun - Electric Bike tours & Rentals,0,0,2,0,1,0,3
Brasileiros Tours,1,0,2,0,0,0,3
Boost Portugal - Urban Thrills,1,0,2,0,0,0,3
Estatua de Antonio Ribeiro Chiado,1,0,2,0,0,0,3
Portfolio Store,1,0,1,1,0,0,3
Museu Militar de Lisboa,0,0,3,0,0,0,3
Museu De Artes Decorativas Portuguesas,0,0,3,0,0,0,3
Firebird Tours,1,0,1,0,1,0,3
Monumento de Evocacao ao 25 de Abril,1,0,2,0,0,0,3
Canna-Cali Cannabis Store,0,0,1,2,0,0,3
Padrao do Campo Pequeno,1,0,1,1,0,0,3
Paris Em Lisboa,0,0,0,3,0,0,3
Free Walking Tour Lisbon | Guruwalk,1,0,2,0,0,0,3
Palacio de Belem,0,0,3,0,0,0,3
EcoMassage Lisbon,0,0,1,0,1,1,3
Puzzle Room,0,0,2,0,0,1,3
Miradouro de Santa Luzia,1,0,1,1,0,0,3
Miradouro da Graca (Sophia de Mello Breyner Andresen),0,0,3,0,0,0,3
Ginginha do Carmo,2,0,1,0,0,0,3
Chafariz de São Paulo,2,0,1,0,0,0,3
Livraria Ler Devagar,0,0,1,2,0,0,3
Hi Lisbon Walking Tours,2,0,1,0,0,0,3
Look 4 Portugal,1,0,1,0,1,0,3
Luggage Storage in Lisbon by Stasher.com,0,0,0,1,1,1,3
Lisbon Sports Club,2,0,1,0,0,0,3
Casa Pereira da Conceição,1,0,1,1,0,0,3
Chafariz de Dentro,2,0,1,0,0,0,3
Lisboa Em Fado,0,0,2,0,1,0,3
Lisboa Food Studio,2,0,0,1,0,0,3
Igreja de São Roque,0,0,3,0,0,0,3
Jardim da Praca do Imperio,1,0,2,0,0,0,3
Joalharia do Carmo,1,0,1,1,0,0,3
Jardim Augusto Gil,1,1,1,0,0,0,3
Yoga Room,1,0,1,0,1,0,3
Yellow Cab TT Tours,1,0,2,0,0,0,3
Agogò Tuk & Tours,0,0,3,0,0,0,3
What to do in Portugal,1,1,0,1,0,0,3
Vista Alegre,1,0,1,0,0,0,2
Adega Machado,2,0,0,0,0,0,2
RM CESAR Portugal,0,0,2,0,0,0,2
Estatua de D. Joao I,0,0,1,1,0,0,2
Igreja da Madalena,1,0,1,0,0,0,2
Igreja de Nossa Senhora da Encarnacao,1,0,1,0,0,0,2
Lisbon Affair,1,0,0,1,0,0,2
LX Get Around,1,0,0,1,0,0,2
Posto de Turismo,0,0,2,0,0,0,2
Principe Real Enxovais,0,0,1,1,0,0,2
"Portologia Lisboa, La Maison des Porto",0,0,0,1,1,0,2
Escadinhas de Sao Cristovao,0,0,2,0,0,0,2
City Unscripted Lisbon,0,0,1,0,1,0,2
Portuguese For a Day,0,0,2,0,0,0,2
Os Gemeos And Blu Murals,0,0,1,0,1,0,2
Basílica dos Mártires,1,0,1,0,0,0,2
Bergue | Jewelry Tailors,0,0,1,1,0,0,2
Rizoma,0,0,1,1,0,0,2
Rua dos Correeiros Archaeological Nucleus,0,0,2,0,0,0,2
Pypas Cruises Lisbon Boat Tours,0,0,1,0,0,1,2
Selection Tours,1,0,1,0,0,0,2
Paginas Tantas,1,0,1,0,0,0,2
Lisboa Espera Por Ti Tours,0,0,1,0,1,0,2
Chafariz das Janelas Verdes,1,0,1,0,0,0,2
Chafariz de Benfica,1,0,1,0,0,0,2
Caza das Vellas Loreto,0,0,1,1,0,0,2
I Tour You,0,0,2,0,0,0,2
Igreja & Convento da Graça,1,0,1,0,0,0,2
Odisseias,0,0,1,1,0,0,2
Fun Track,0,0,2,0,0,0,2
Museu da Presidencia da Republica,0,0,1,1,0,0,2
Museu de Arte Popular,0,0,2,0,0,0,2
Museu de Lisboa - Teatro Romano,0,0,2,0,0,0,2
My Lisbon Tours,0,0,2,0,0,0,2
Ulysses Tower,0,0,2,0,0,0,2
Tours Of My Life - Lisbon,0,0,2,0,0,0,2
Lisbon Pingan First Travel,1,0,1,0,0,0,2
Insight Vacations,0,1,1,0,0,0,2
Dianatours,0,0,2,0,0,0,2
Discover With Us,0,0,2,0,0,0,2
Diversity Tours,0,0,2,0,0,0,2
THE ReTREAT Spa & Wellness,0,0,1,0,0,1,2
SOUNDWALKRS,0,0,1,1,0,0,2
Sara Beauty,0,0,1,0,0,1,2
Cais do Pirata,2,0,0,0,0,0,2
Mosteiro de São Vicente de Fora,0,0,1,0,0,1,2
Tabacaria Monaco,0,0,1,1,0,0,2
Church of St. Anthony,2,0,0,0,0,0,2
Sitgo,0,0,1,1,0,0,2
Splash Boat Party Lisbon,1,0,0,0,0,1,2
Meridian4People - Lisbon,1,0,1,0,0,0,2
The Tall Ship Lisbon tour,1,0,1,0,0,0,2
The Walking Parrot Lisbon Tours and Pub crawls,1,0,1,0,0,0,2
Docas de Santo Amaro,1,0,1,0,0,0,2
Guydeez Lisbon,0,0,1,0,0,1,2
Homem-Sol,0,0,1,1,0,0,2
Tuk Tuk Tejo,1,0,1,0,0,0,2
Tuk-Tuk Fun Tours,0,0,2,0,0,0,2
Teatro Nacional Dona Maria II,1,0,1,0,0,0,2
Teatro Tivoli BBVA,0,1,1,0,0,0,2
Teresa Alecrim,1,0,0,1,0,0,2
Miradouro Da Senhora Do Monte,1,0,1,0,0,0,2
Miradouro Sao Pedro de Alcantara,1,0,1,0,0,0,2
Lusoliving - Tours&Experiences,1,0,1,0,0,0,2
Magic Pool Bar,1,0,1,0,0,0,2
Construction Lisbon Club,1,0,1,0,0,0,2
Baixa de Lisboa,1,0,0,1,0,0,2
Missangas & Co,1,0,0,1,0,0,2
Gold Compass,1,0,1,0,0,0,2
Guardianspirit,1,0,1,0,0,0,2
Chafariz do Carmo,2,0,0,0,0,0,2
Live Love Ride,0,0,1,0,1,0,2
Metro de Lisboa,0,0,1,0,0,1,2
Lisbon on Wheels,1,0,1,0,0,0,2
The Corner - Irish Pub,2,0,0,0,0,0,2
Jamaica,2,0,0,0,0,0,2
Jardim Do Japao Park,1,0,1,0,0,0,2
Jardim Garcia de Orta,1,0,1,0,0,0,2
Jardim Gulbenkian,0,0,2,0,0,0,2
VR Tours,1,0,1,0,0,0,2
1234CAR auto,0,0,1,1,0,0,2
3d Fun Art Museum,0,0,2,0,0,0,2
Blues Cafe,1,0,1,0,0,0,2
Planetário de Marinha,0,0,2,0,0,0,2
A Escola Portuguesa de Arte Equestre,0,0,1,1,0,0,2
7 Hills Tuk Tours,1,0,1,0,0,0,2
Ancient Herbal Spa,0,0,0,1,0,1,2
Wines of Portugal Tasting Room,2,0,0,0,0,0,2
Wonderland Lisboa,2,0,0,0,0,0,2
Y Not Mixology Cocktail Bar,0,0,1,0,0,0,1
World City Trail - Lisbon,0,0,1,0,0,0,1
Workshop De Azulejos,0,0,0,1,0,0,1
Feira do Relógio,1,0,0,0,0,0,1
Fado Vadio,0,0,1,0,0,0,1
Fado Inside the Box,1,0,0,0,0,0,1
Fado & Fado - Show With Wine in a Historic Venue,0,0,1,0,0,0,1
Bonjour Lisbonne,0,0,1,0,0,0,1
BlueLane,0,0,0,1,0,0,1
Your Kyiv,0,0,1,0,0,0,1
Younik - Dare To Be You,0,0,1,0,0,0,1
Vestigius,1,0,0,0,0,0,1
Uvamai Niche Tourism,0,0,1,0,0,0,1
Arco de Jesus,1,0,0,0,0,0,1
Jardim Da Estrela Park,0,0,1,0,0,0,1
Jardim Botânico da Ajuda,1,0,0,0,0,0,1
Jardim Avelar Brotero,0,0,1,0,0,0,1
Jardim Amália Rodrigues,0,0,1,0,0,0,1
Igreja do Menino de Deus,1,0,0,0,0,0,1
Cargo 111,1,0,0,0,0,0,1
Capela,1,0,0,0,0,0,1
Lisbon Walker,0,0,1,0,0,0,1
Lisbon Tour Guides,0,0,1,0,0,0,1
Lisbon Soul Tours,0,0,1,0,0,0,1
Metro e Meio,1,0,0,0,0,0,1
Local 100% Electric Tuk Tuk Tours,0,0,1,0,0,0,1
Livraria Simao,0,0,0,1,0,0,1
Live Portugal,0,0,1,0,0,0,1
Lisbonne Ame & Secrets,0,0,1,0,0,0,1
Lisboncitytours,0,0,1,0,0,0,1
Guarda Nacional Republicana Museum,0,0,1,0,0,0,1
Green Tours,0,0,1,0,0,0,1
Gold Prestige Tours,0,0,1,0,0,0,1
Gira Lisboa,0,0,1,0,0,0,1
Dorey Tiles,0,0,0,1,0,0,1
Mission to Escape Lisbon,0,0,1,0,0,0,1
Bar A Parodia,1,0,0,0,0,0,1
Baja Bikes Lisbon,0,0,1,0,0,0,1
Consórcio de D. Luís,0,0,1,0,0,0,1
Conserveira de Lisboa,0,0,0,1,0,0,1
Duque da Rua,1,0,0,0,0,0,1
Garrafeira Napoleao,0,0,0,1,0,0,1
Madame Surtô,0,0,1,0,0,0,1
Lusa Language School,1,0,0,0,0,0,1
Terra Incognita,0,0,1,0,0,0,1
TempoVip DMC Portugal,1,0,0,0,0,0,1
Templários Bar,1,0,0,0,0,0,1
Tejo Bar,1,0,0,0,0,0,1
Teatro Politeama,0,0,1,0,0,0,1
Tukguide Portugal,0,0,1,0,0,0,1
Casa dos Bicos-Museu de Lisboa,0,0,1,0,0,0,1
Casa Macario,1,0,0,0,0,0,1
Incógnito,0,0,1,0,0,0,1
BSpa by Karin Herzog,0,0,1,0,0,0,1
B-mad (berardo - Museu Arte Deco),0,0,1,0,0,0,1
The Wine Company Portugal,1,0,0,0,0,0,1
"The Portuguese Buddy, Lda - Tuks & Tours",0,0,0,0,1,0,1
The Next Trip,0,0,1,0,0,0,1
Memorial a Antero de Quental,0,0,1,0,0,0,1
Monumento ao Rei D.Carlos I,0,0,1,0,0,0,1
Monumento a Eduardo Coelho,1,0,0,0,0,0,1
Monumental,0,0,1,0,0,0,1
Monument to the Restorers,0,0,1,0,0,0,1
Mon Ami Tours,0,0,1,0,0,0,1
Modern Tours,1,0,0,0,0,0,1
Classic Portugal Tours,0,0,1,0,0,0,1
Civitatis Tours,0,0,0,0,0,1,1
SoLo Brewing,1,0,0,0,0,0,1
Taxi Boat,1,0,0,0,0,0,1
Museu da Agua da EPAL,0,0,1,0,0,0,1
Museu Nacional de Arqueologia,0,0,1,0,0,0,1
Museu Benfica - Cosme Damiao,0,0,0,0,0,1,1
Filipe Mateus Tours,0,0,1,0,0,0,1
City Game Lisbon,1,0,0,0,0,0,1
Cinema City Alegro Alfragide,0,0,1,0,0,0,1
Tauromáquico Museum,0,0,1,0,0,0,1
The Budget Wanderer,0,0,1,0,0,0,1
Europe Journey - Private Sightseeing Transfers and Day Tours,0,0,1,0,0,0,1
Galaxy Lounge,0,0,1,0,0,0,1
Chapitô,1,0,0,0,0,0,1
Chapelaria Azevedo,0,0,0,1,0,0,1
Monumento de Homenagem às Vítimas de Homofobia,0,0,1,0,0,0,1
Calcada da Amalia,0,0,1,0,0,0,1
CORKIES,1,0,0,0,0,0,1
By Nunes Ceramics,0,0,0,1,0,0,1
By Enzos Tours,0,0,1,0,0,0,1
Busto do engenheiro Manuel Rocha,0,0,1,0,0,0,1
Busto de Augusto Rosa,0,0,1,0,0,0,1
Neo Portugal Tours,0,0,1,0,0,0,1
Coliseu dos Recreios,0,0,1,0,0,0,1
Claus Porto,0,0,0,1,0,0,1
Divers,0,0,0,1,0,0,1
Myo Thai Massage,0,0,1,0,0,0,1
Lisbon Meeting,0,0,1,0,0,0,1
Lisbon Dolphins,0,0,1,0,0,0,1
Lisbon City Guru,0,0,1,0,0,0,1
Lisbon Beer Tours,1,0,0,0,0,0,1
Largo do Carmo,0,0,1,0,0,0,1
Largo de Sao Domingos,0,0,1,0,0,0,1
Lago das Tagides,1,0,0,0,0,0,1
"Lisbon Private Transfers & Limo Services: Airport, Cruise Port, Hotel Pickups",0,0,0,0,1,0,1
Tradicional Bar,1,0,0,0,0,0,1
Tourrr.com - Lisbon,1,0,0,0,0,0,1
TouringBee - Lisbon,0,0,1,0,0,0,1
Unmoor Sailing,0,0,1,0,0,0,1
MyTransfers,0,0,1,0,0,0,1
Museu do Oriente,0,0,1,0,0,0,1
Museu de Sao Roque,0,0,1,0,0,0,1
Extremo Ambiente,0,0,1,0,0,0,1
Pancho Tours,1,0,0,0,0,0,1
Forms,0,0,0,1,0,0,1
Food Lover Tour Lisbon,1,0,0,0,0,0,1
Oficina Impossivel,0,0,0,1,0,0,1
Odyssey Tours - Day Tours & Experiences,0,0,1,0,0,0,1
O Mundo Romano,0,0,1,0,0,0,1
You And Eye Photo Lisboa,0,0,1,0,0,0,1
YTours,0,0,1,0,0,0,1
Centro Cultural Cabo Verde,1,0,0,0,0,0,1
Cemiterio dos Prazeres,1,0,0,0,0,0,1
Jardim do Campo Grande / Mario Soares Garden,0,0,1,0,0,0,1
Chafariz da Rua do Arco a Sao Mamede,1,0,0,0,0,0,1
Cerâmica S. Vicente,0,0,0,1,0,0,1
Centro de Arte Moderna Gulbenkian,0,0,1,0,0,0,1
Lisboa Food tour - Do Eat Better Experience,1,0,0,0,0,0,1
Let's Roam,0,0,1,0,0,0,1
O Bom O Mau e O Vilão,1,0,0,0,0,0,1
Nuno Sophiatours,0,0,0,1,0,0,1
NomadInspiration,0,0,1,0,0,0,1
Palmayachts Boat Tours,0,0,1,0,0,0,1
Segway Tejo,0,0,1,0,0,0,1
SeaEO-Tours,0,0,1,0,0,0,1
Rua da Rosa,1,0,0,0,0,0,1
Rooftop Bar - Hotel Mundial,1,0,0,0,0,0,1
Road Tours,0,0,1,0,0,0,1
Replica da Torre de Belem,0,0,1,0,0,0,1
Besttour.pt,0,0,1,0,0,0,1
Beer Experience Super Bock,1,0,0,0,0,0,1
Pacífico Cruises,0,0,1,0,0,0,1
Orla dos Sentidos,0,0,1,0,0,0,1
Parreirinha d'Alfama,1,0,0,0,0,0,1
Parque Tejo,0,0,0,0,0,1,1
Portuguese Connection Language School - One day Classes,0,0,0,1,0,0,1
Portugal The Place,0,0,1,0,0,0,1
Portugal Dive,0,0,1,0,0,0,1
Estatua de Eca de Queiros,1,0,0,0,0,0,1
Blue Emotion Tours,0,0,1,0,0,0,1
Blue Diamond Deluxe Private Transports,0,0,1,0,0,0,1
Black Tie Club,1,0,0,0,0,0,1
Bikes & Company,1,0,0,0,0,0,1
Praça Júlio De Castilho,0,0,1,0,0,0,1
Praca Dom Joao da Camara,0,0,1,0,0,0,1
Just Tour It,0,0,1,0,0,0,1
Lisbon Airport Taxi,0,0,1,0,0,0,1
Igreja de São Vicente de Fora,0,0,1,0,0,0,1
Igreja De Santa Catarina,1,0,0,0,0,0,1
Estatua de Afonso de Albuquerque,1,0,0,0,0,0,1
Estatua O Adamastor,0,0,1,0,0,0,1
Eco Wheels Tours,1,0,0,0,0,0,1
Eco Tuk Tuk Lisbon,1,0,0,0,0,0,1
Real Click Tours,0,1,0,0,0,0,1
Rafael Pereira,0,0,1,0,0,0,1
A Fabrica dos Chapeus,0,0,1,0,0,0,1
Week Break Tours,0,0,1,0,0,0,1
Admirable Tours & Transfers,0,0,1,0,0,0,1
African Lisbon Tour,1,0,0,0,0,0,1
Afonso de Albuquerque Square,0,0,1,0,0,0,1
eatwith,1,0,0,0,0,0,1
abc Travel,1,0,0,0,0,0,1
Tripnova,0,0,0,1,0,0,1
Traveling Spoon,0,0,1,0,0,0,1
Vox City - Lisbon,0,0,1,0,0,0,1
Vodafone Shop,0,0,0,1,0,0,1
WeekendTreasure - Viagens e Turismo,0,0,0,1,0,0,1
ARC tours portugal,0,0,1,0,0,0,1
APOLO,0,0,0,1,0,0,1
A Vida Portuguesa,0,0,0,1,0,0,1
WayGo company,0,0,0,0,0,0,0
Walking Tours - RagnarokTour.com,0,0,0,0,0,0,0
Academia das Ciências de Lisboa,0,0,0,0,0,0,0
Adventure Park,0,0,0,0,0,0,0
Ziptransfers,0,0,0,0,0,0,0
ZOOM Travel,0,0,0,0,0,0,0
DDPortugal Luxury Transport,0,0,0,0,0,0,0
Cycling Lisbon,0,0,0,0,0,0,0
Curiosity transfers,0,0,0,0,0,0,0
Vip Business Class +,0,0,0,0,0,0,0
Vinhos Do Manuel,0,0,0,0,0,0,0
Vertigo Climbing Center,0,0,0,0,0,0,0
Van 174,0,0,0,0,0,0,0
Vagabonding Lisboa Tours & Experiences,0,0,0,0,0,0,0
Aqueduto das Aguas Livres,0,0,0,0,0,0,0
Welcome to Lisbon/マイリスボン日本語ツアー,0,0,0,0,0,0,0
Estacao Metro Baixa-Chiado,0,0,0,0,0,0,0
Pink Wine Point,0,0,0,0,0,0,0
Bordalo II's Big Raccoon Sculpture,0,0,0,0,0,0,0
Bolt,0,0,0,0,0,0,0
BlueHop,0,0,0,0,0,0,0
Bloo Boat Charter,0,0,0,0,0,0,0
Bingo,0,0,0,0,0,0,0
Praça Luís de Camões,0,0,0,0,0,0,0
Red Frog Speakeasy,0,0,0,0,0,0,0
Esculturas Homenagem Ao 25 De Abril De 1974,0,0,0,0,0,0,0
Escape2Win Lumiar - Underground,0,0,0,0,0,0,0
Enoteca,0,0,0,0,0,0,0
Portugal Top Tours,0,0,0,0,0,0,0
Portugal Magik Private Tours,0,0,0,0,0,0,0
Portugal Guided Tours,0,0,0,0,0,0,0
Ponte Vasco da Gama,0,0,0,0,0,0,0
Plateau,0,0,0,0,0,0,0
Estatua do Marques de Pombal,0,0,0,0,0,0,0
Estatua de S.Vicente,0,0,0,0,0,0,0
Estatua Dom Joao da Camara,0,0,0,0,0,0,0
Estadio do Restelo,0,0,0,0,0,0,0
Elite Trip,0,0,0,0,0,0,0
EcoMassage & Esthetics Aurea,0,0,0,0,0,0,0
Real Fado,0,0,0,0,0,0,0
RM Portugal Tours,0,0,0,0,0,0,0
R-ChiangMai Thai Massage Center,0,0,0,0,0,0,0
Quinta Pedagogica dos Olivais,0,0,0,0,0,0,0
Qooest,0,0,0,0,0,0,0
Rosa dos Ventos,0,0,0,0,0,0,0
Roman Skulskiy,0,0,0,0,0,0,0
RentRiders,0,0,0,0,0,0,0
Biclas,0,0,0,0,0,0,0
Bering Tour,0,0,0,0,0,0,0
Beat Balls - Bubble Football,0,0,0,0,0,0,0
Battuta Experiences,0,0,0,0,0,0,0
SimplyBus,0,0,0,0,0,0,0
Siam Thai Massage,0,0,0,0,0,0,0
Padaria 24,0,0,0,0,0,0,0
PRIVT Chauffeuring Services,0,0,0,0,0,0,0
Orquestra Gulbenkian,0,0,0,0,0,0,0
One Journey,0,0,0,0,0,0,0
Pedro Tours,0,0,0,0,0,0,0
Pavilhao do Conhecimento,0,0,0,0,0,0,0
Passeio Marítimo de Belém,0,0,0,0,0,0,0
Passadiço Do Bom Sucesso - Belém,0,0,0,0,0,0,0
Portugal city highlights tour,0,0,0,0,0,0,0
Portugal Travelaffairs,0,0,0,0,0,0,0
Free Tour Portugal,0,0,0,0,0,0,0
Foxtrot,0,0,0,0,0,0,0
One Day Tours Portugal,0,0,0,0,0,0,0
O Forcado,0,0,0,0,0,0,0
Sentido Prohibido,0,0,0,0,0,0,0
Saudade Tours,0,0,0,0,0,0,0
Sailboat Tejo River Tour 2h - Rivermountain Sailing and off Road Adventures,0,0,0,0,0,0,0
Dez Studio Hair & Nail Bar,0,0,0,0,0,0,0
Companhia Nacional de Bailado,0,0,0,0,0,0,0
Compadre Cooking School,0,0,0,0,0,0,0
Museu do Aljube - Resistência e Liberdade,0,0,0,0,0,0,0
Extreme Lisbon,0,0,0,0,0,0,0
Estátua de homenagem aos Cauteleiros,0,0,0,0,0,0,0
Estátua A Luís De Camões,0,0,0,0,0,0,0
Fundação José Saramago,0,0,0,0,0,0,0
Chafariz do Palacio de Belem,0,0,0,0,0,0,0
Cabal,0,0,0,0,0,0,0
Busto Dr.Sousa Viterbo,0,0,0,0,0,0,0
Bruxa Beer Bar,0,0,0,0,0,0,0
ColourTrip Lisbon,0,0,0,0,0,0,0
Street Buddha,0,0,0,0,0,0,0
Statue of Father Antonio Viera,0,0,0,0,0,0,0
Statue Of D. José I,0,0,0,0,0,0,0
Stas Tours,0,0,0,0,0,0,0
Spinach Tours,0,0,0,0,0,0,0
Spica Sailing Team,0,0,0,0,0,0,0
Sky Wine Lisbon,0,0,0,0,0,0,0
Miradouro de Santo Estevao,0,0,0,0,0,0,0
Miradouro da Penha de França,0,0,0,0,0,0,0
Museu da Farmacia,0,0,0,0,0,0,0
Museu Medeiros E Almeida,0,0,0,0,0,0,0
Fontes Monumentais do Rossio,0,0,0,0,0,0,0
Cinco Lounge,0,0,0,0,0,0,0
Church Of Our Lady Of Fatima,0,0,0,0,0,0,0
Christine Giffin,0,0,0,0,0,0,0
Chiado,0,0,0,0,0,0,0
Tapada das Necessidades,0,0,0,0,0,0,0
Takashi Amano Forests Underwatter at Oceanarium Lisbon,0,0,0,0,0,0,0
Tagarela Tours,0,0,0,0,0,0,0
THINGS TO DO IN FZCO,0,0,0,0,0,0,0
Thai Sensation • Massage & Spa,0,0,0,0,0,0,0
Metro Station Picoas,0,0,0,0,0,0,0
Mercearia do Vinho,0,0,0,0,0,0,0
Monumento aos Combatentes do Ultramar,0,0,0,0,0,0,0
Monumento ao Calceteiro,0,0,0,0,0,0,0
Monumento a Franca Borges,0,0,0,0,0,0,0
Monumento A D. Pedro IV,0,0,0,0,0,0,0
Teatro Experimental de Cascais,0,0,0,0,0,0,0
Barra do Tejo,0,0,0,0,0,0,0
Bar do Rio,0,0,0,0,0,0,0
Bairro da Lapa,0,0,0,0,0,0,0
BUBBLE Sea Events,0,0,0,0,0,0,0
Curioseety SRLS,0,0,0,0,0,0,0
Cooltra Lisbon,0,0,0,0,0,0,0
Context Travel,0,0,0,0,0,0,0
Dynamic Strands Tours,0,0,0,0,0,0,0
Get Around Portugal,0,0,0,0,0,0,0
Galerias Romanas da Rua da Prata,0,0,0,0,0,0,0
Malu Lia,0,0,0,0,0,0,0
Magnificat Tours,0,0,0,0,0,0,0
Magic Sail,0,0,0,0,0,0,0
Mae e Filho,0,0,0,0,0,0,0
Lx Escape Belém,0,0,0,0,0,0,0
Green Trekker,0,0,0,0,0,0,0
Go and See Tours,0,0,0,0,0,0,0
Get Stoked,0,0,0,0,0,0,0
Dock's Club,0,0,0,0,0,0,0
Doca de Belem,0,0,0,0,0,0,0
The Tuk Experience,0,0,0,0,0,0,0
The Portuguese Food Tour - Lisbon's genuine flavors & drinks,0,0,0,0,0,0,0
The Lisbon Guy,0,0,0,0,0,0,0
The Escape Hunt Experience - Lisboa,0,0,0,0,0,0,0
Imperial Tours Portugal,0,0,0,0,0,0,0
Caravana Mágica Tours,0,0,0,0,0,0,0
Lisbon-Boats.com,0,0,0,0,0,0,0
Lisbon with Pats,0,0,0,0,0,0,0
Lisbon Vibes by Tuk Tuk,0,0,0,0,0,0,0
Lisbon Point,0,0,0,0,0,0,0
Lounge,0,0,0,0,0,0,0
Tours4Lisbon,0,0,0,0,0,0,0
Tour7portugal,0,0,0,0,0,0,0
Torre GALP,0,0,0,0,0,0,0
Udance,0,0,0,0,0,0,0
Távola Jazz Club,0,0,0,0,0,0,0
TurismoemPortugal,0,0,0,0,0,0,0
Tukxi Lisbon,0,0,0,0,0,0,0
Lisbon Beer Bike,0,0,0,0,0,0,0
Catedral de Sao Paulo - Igreja Lusitana,0,0,0,0,0,0,0
Casa do Alentejo,0,0,0,0,0,0,0
Casa Quinhentista,0,0,0,0,0,0,0
Carvalho & Gil Antiguidades,0,0,0,0,0,0,0
Carris - Elétricos de Lisboa,0,0,0,0,0,0,0
Hospital de Bonecas,0,0,0,0,0,0,0
Horas de Chumbo,0,0,0,0,0,0,0
Hommage a Pessoa,0,0,0,0,0,0,0
Heart & Soul Tours,0,0,0,0,0,0,0
Harley Davidson Lisboa,0,0,0,0,0,0,0
Lince Iberico - Bordalo II,0,0,0,0,0,0,0
Last Bad Decision,0,0,0,0,0,0,0
Lisbon Fish,0,0,0,0,0,0,0
Lisbon Bike Tour,0,0,0,0,0,0,0
LR Portugal Tours,0,0,0,0,0,0,0
I Tuk You Tours Lisbon,0,0,0,0,0,0,0
YouTour,0,0,0,0,0,0,0
Cemiterio da Ajuda,0,0,0,0,0,0,0
Tuk On Me,0,0,0,0,0,0,0
Tuk Dreams Lisbon,0,0,0,0,0,0,0
Vision Tours Portugal,0,0,0,0,0,0,0
Acacia Tours,0,0,0,0,0,0,0
A Alma De Um Povo O Fado Statue,0,0,0,0,0,0,0
Ah Amália - Living Experience,0,0,0,0,0,0,0
West Side Tours,0,0,0,0,0,0,0
